segment,label,in_EO_scope,old_start,old_end,old_dur,old_start_tc,old_end_tc,new_start,new_end,new_dur,new_start_tc,new_end_tc,d_start,d_end,d_dur,start_status,start_snap_s,end_status,end_snap_s,removed_in_segment,added_in_segment,residual,caption_start,caption_start_lag,caption_end,caption_end_lag
S01,cold_open,True,0.0,73.0,73.0,00:00:00:00,00:01:13:00,0.0,73.0,73.0,00:00:00:00,00:01:13:00,0.0,0.0,0.0,MAPPED,,MAPPED,,0,0,0.0,INCOHERENT_CAPTION_MATCH,3259.991,INSUFFICIENT_CAPTION_MATCH,
S02,host_day_brief,True,73.0,111.0,38.0,00:01:13:00,00:01:51:00,73.0,111.0,38.0,00:01:13:00,00:01:51:00,0.0,0.0,0.0,MAPPED,,MAPPED,,0,0,0.0,INCOHERENT_CAPTION_MATCH,4554.03,CORROBORATED,0.108
S03,interview_gauntlet_1,True,111.0,1622.0,1511.0,00:01:51:00,00:27:02:00,111.0,1625.454,1514.454,00:01:51:00,00:27:05:11,0.0,3.454,3.454,MAPPED,,MAPPED,,0.141,3.594,0.001,CORROBORATED,0.128,CORROBORATED,3.584
S04,ride_brief,True,1622.0,1643.0,21.0,00:27:02:00,00:27:23:00,1625.454,1646.5,21.046,00:27:05:11,00:27:26:12,3.454,3.5,0.046,MAPPED,,MAPPED,,0,0.047,-0.001,DIVERGENT,6.634,DIVERGENT,6.634
S05,escort_ride,True,1660.0,1750.0,90.0,00:27:40:00,00:29:10:00,1663.5,1753.5,90.0,00:27:43:12,00:29:13:12,3.5,3.5,0.0,MAPPED,,MAPPED,,0,0,0.0,CORROBORATED,3.583,INCOHERENT_CAPTION_MATCH,-1334.297
S06,librarian_speech,True,1903.0,1953.0,50.0,00:31:43:00,00:32:33:00,1875.292,1925.292,50.0,00:31:15:07,00:32:05:07,-27.708,-27.708,0.0,MAPPED,,MAPPED,,0,0,0.0,CORROBORATED,-27.512,CORROBORATED,-27.582
S07,council_profile,True,1965.0,2030.0,65.0,00:32:45:00,00:33:50:00,1937.292,2002.292,65.0,00:32:17:07,00:33:22:07,-27.708,-27.708,0.0,MAPPED,,MAPPED,,0,0,0.0,CORROBORATED,-27.65,CORROBORATED,-27.75
S08,town_proclamation,True,2031.0,2156.0,125.0,00:33:51:00,00:35:56:00,2003.292,2128.292,125.0,00:33:23:07,00:35:28:07,-27.708,-27.708,0.0,MAPPED,,MAPPED,,0,0,0.0,CORROBORATED,-27.651,CORROBORATED,-27.667
S09,first_ride_moment,True,2163.0,2190.0,27.0,00:36:03:00,00:36:30:00,2135.292,2162.292,27.0,00:35:35:07,00:36:02:07,-27.708,-27.708,0.0,MAPPED,,MAPPED,,0,0,0.0,CORROBORATED,-27.597,CORROBORATED,-27.66
S10,state_proclamation,True,2219.0,2332.0,113.0,00:36:59:00,00:38:52:00,2191.292,2304.292,113.0,00:36:31:07,00:38:24:07,-27.708,-27.708,0.0,MAPPED,,MAPPED,,0,0,0.0,INCOHERENT_CAPTION_MATCH,-27.211,CORROBORATED,-27.751
S11,interview_gauntlet_2,True,2335.0,3120.0,785.0,00:38:55:00,00:52:00:00,2307.292,3091.042,783.75,00:38:27:07,00:51:31:01,-27.708,-28.958,-1.25,MAPPED,,MAPPED,,1.251,0,0.001,CORROBORATED,-27.573,CORROBORATED,-28.839
S12,organizer_honors_and_silence,True,3124.0,3236.0,112.0,00:52:04:00,00:53:56:00,3095.042,3193.167,98.125,00:51:35:01,00:53:13:04,-28.958,-42.833,-13.875,MAPPED,,SNAPPED,-6.322416666666666,13.874,0,-0.001,CORROBORATED,-28.503,NOT_EVALUATED_AT_SNAPPED_BOUNDARY,-28.866
S13,group_photo,True,3230.0,3275.0,45.0,00:53:50:00,00:54:35:00,3193.167,3204.702,11.535,00:53:13:04,00:53:24:17,-36.833,-70.298,-33.465,SNAPPED,33.465041666666664,MAPPED,,33.465,0,0.0,NOT_EVALUATED_AT_SNAPPED_BOUNDARY,-1594.381,INSUFFICIENT_CAPTION_MATCH,
S14,service_wrap_preview,True,3276.0,3324.0,48.0,00:54:36:00,00:55:24:00,3205.702,3246.432,40.73,00:53:25:17,00:54:06:10,-70.298,-77.568,-7.27,MAPPED,,MAPPED,,7.322,0.052,0.0,CORROBORATED,-69.779,DIVERGENT,-69.741
S15,riding_music_passage,True,3370.0,3523.0,153.0,00:56:10:00,00:58:43:00,3290.667,3403.458,112.792,00:54:50:16,00:56:43:11,-79.333,-119.542,-40.208,SNAPPED,40.208333333333336,MAPPED,,40.333,0.125,0.0,NOT_EVALUATED_AT_SNAPPED_BOUNDARY,,INSUFFICIENT_08-22_CAPTION_WORDS,
S16,bike_night_arrivals,True,3523.0,3985.0,462.0,00:58:43:00,01:06:25:00,3403.458,3827.875,424.417,00:56:43:11,01:03:47:21,-119.542,-157.125,-37.583,MAPPED,,MAPPED,,37.584,0,0.001,INCOHERENT_CAPTION_MATCH,-1921.05,INCOHERENT_CAPTION_MATCH,-3071.758
S17,audience_cta,True,3985.0,4008.0,23.0,01:06:25:00,01:06:48:00,3827.875,3850.875,23.0,01:03:47:21,01:04:10:21,-157.125,-157.125,0.0,MAPPED,,MAPPED,,0,0,0.0,INCOHERENT_CAPTION_MATCH,681.458,INSUFFICIENT_CAPTION_MATCH,
S18,bike_night_ambience,True,4165.0,4780.0,615.0,01:09:25:00,01:19:40:00,4007.875,4622.875,615.0,01:06:47:21,01:17:02:21,-157.125,-157.125,0.0,MAPPED,,MAPPED,,0.024,0.024,0.0,INSUFFICIENT_08-22_CAPTION_WORDS,,INSUFFICIENT_08-22_CAPTION_WORDS,
S19,friday_wrap_part3_tease,False,4784.0,4846.0,62.0,01:19:44:00,01:20:46:00,4626.875,4688.875,62.0,01:17:06:21,01:18:08:21,-157.125,-157.125,0.0,MAPPED,,MAPPED,,0,0,0.0,CORROBORATED,-156.958,CORROBORATED,-156.912
